{"cameraMode":{"drawMode":0,"name":"Shaded","section":"Shading Mode"},"sceneLighting":true,"audioPlay":false,"sceneViewState":{"showFog":true,"showMaterialUpdate":false,"showSkybox":true,"showFlares":true,"showImageEffects":true,"showParticleSystems":true},"in2DMode":false,"pivot":{"x":-7.670923233032227,"y":-1.2193732261657715,"z":-2.140817403793335},"rotation":{"x":-0.18046455085277558,"y":0.7241215109825134,"z":-0.2065081000328064,"w":-0.6327998042106628},"size":8.342227935791016,"orthographic":false}